{"cameraMode":{"drawMode":0,"name":"Shaded","section":"Shading Mode"},"sceneLighting":true,"audioPlay":false,"sceneViewState":{"m_AlwaysRefresh":false,"showFog":true,"showSkybox":true,"showFlares":true,"showImageEffects":true,"showParticleSystems":true,"showVisualEffectGraphs":true,"m_FxEnabled":true},"in2DMode":false,"pivot":{"x":-1.5350291728973389,"y":1.223689079284668,"z":5.097961902618408},"rotation":{"x":0.014374533668160439,"y":0.20608554780483247,"z":0.0030292992014437916,"w":-0.9784150719642639},"size":3.324744939804077,"orthographic":false}